Mutation ID	DNA Change	Type	Consequences	# Affected Cases in Cohort	# Affected Cases Across the GDC	Impact	Survival
a9ed209d-4f9f-51da-9d71-631fc61bca49	chr12:g.25245351C>A	Substitution	Missense KRAS G12C	101 / 794,12.72%	156 / 15.076	VEP: MODERATE, SIFT: deleterious - score 0.04, PolyPhen: probably_damaging - score 0.991	add to survival plot
c2e6b2d1-7034-5c64-930c-47b046f278b4	chr7:g.55191822T>G	Substitution	Missense EGFR L858R	54 / 794,6.80%	56 / 15.076	VEP: MODERATE, SIFT: deleterious - score 0, PolyPhen: probably_damaging - score 0.999	add to survival plot
4fb37566-16d1-5697-9732-27c359828bc7	chr12:g.25245350C>A	Substitution	Missense KRAS G12V	49 / 794,6.17%	288 / 15.076	VEP: MODERATE, SIFT: deleterious - score 0, PolyPhen: probably_damaging - score 0.972	add to survival plot
edd1ae2c-3ca9-52bd-a124-b09ed304fcc2	chr12:g.25245350C>T	Substitution	Missense KRAS G12D	32 / 794,4.03%	383 / 15.076	VEP: MODERATE, SIFT: deleterious - score 0, PolyPhen: benign - score 0.303	add to survival plot
c10dc76b-12e7-5cd6-a2d9-9a35fb2ff346	chr7:g.55174772delGGAATTAA…	Deletion	Inframe Deletion EGFR E746_A750del	26 / 794,3.27%	29 / 15.076	VEP: MODERATE	add to survival plot
b98b6b56-7905-5a6c-b25f-3063d3ed3d69	chr12:g.25245350C>G	Substitution	Missense KRAS G12A	18 / 794,2.27%	57 / 15.076	VEP: MODERATE, SIFT: deleterious - score 0.02, PolyPhen: possibly_damaging - score 0.723	add to survival plot
bbb4fa42-2054-5ef1-b7d9-61cb4372645d	chr12:g.25245348C>A	Substitution	Missense KRAS G13C	11 / 794,1.39%	20 / 15.076	VEP: MODERATE, SIFT: deleterious - score 0.02, PolyPhen: probably_damaging - score 0.997	add to survival plot
84aef48f-31e6-52e4-8e05-7d5b9ab15087	chr7:g.140753336A>T	Substitution	Missense BRAF V640E	10 / 794,1.26%	620 / 15.076	VEP: MODERATE, SIFT: deleterious - score 0, PolyPhen: probably_damaging - score 0.955	add to survival plot
fe046d16-1df6-5c9c-923c-fd6cac815106	chr17:g.7675994C>A	Substitution	Splice Region TP53 T125=	10 / 794,1.26%	35 / 15.076	VEP: LOW	add to survival plot
b06c4342-0f66-59a0-bb9d-a804f33b401b	chr7:g.55174773delGAATTAAG…	Deletion	Inframe Deletion EGFR E746_A750del	9 / 794,1.13%	9 / 15.076	VEP: MODERATE	add to survival plot
d4f7e850-5a69-5ada-8961-731ce8ef5c37	chr7:g.55181312G>T	Substitution	Missense EGFR S768I	8 / 794,1.01%	8 / 15.076	VEP: MODERATE, SIFT: deleterious - score 0, PolyPhen: probably_damaging - score 0.999	add to survival plot
129efb4b-c2ca-5b6b-b318-1215cd1a321c	chr3:g.192798931G>C	Substitution	Missense MB21D2 Q311E	7 / 794,0.88%	28 / 15.076	VEP: MODERATE, SIFT: tolerated - score 0.19, PolyPhen: benign - score 0.403	add to survival plot
45df40ba-3b59-5662-a67f-e5aecef02108	chr17:g.7674217C>A	Substitution	Missense TP53 R249M	7 / 794,0.88%	11 / 15.076	VEP: MODERATE, SIFT: deleterious - score 0, PolyPhen: possibly_damaging - score 0.868	add to survival plot
a34dbc69-77ad-5c45-9c4b-e26ea62bde83	chr3:g.179218303G>A	Substitution	Missense PIK3CA E545K	7 / 794,0.88%	313 / 15.076	VEP: MODERATE, SIFT: deleterious - score 0.02, PolyPhen: probably_damaging - score 0.909	add to survival plot
a6406224-d69d-5a5d-9530-1ff8a4909cfa	chr17:g.7674229C>A	Substitution	Missense TP53 G245V	7 / 794,0.88%	24 / 15.076	VEP: MODERATE, SIFT: deleterious - score 0, PolyPhen: probably_damaging - score 0.999	add to survival plot
ba0c4c26-c896-5fea-b587-ded6f2a6626c	chr3:g.41224622C>T	Substitution	Missense CTNNB1 S37F	7 / 794,0.88%	38 / 15.076	VEP: MODERATE, SIFT: deleterious - score 0, PolyPhen: probably_damaging - score 0.994	add to survival plot
642e6e10-5df1-58d4-8419-842ac62dfc54	chr17:g.7676056C>A	Substitution	Missense TP53 G105C	6 / 794,0.76%	12 / 15.076	VEP: MODERATE, SIFT: deleterious - score 0, PolyPhen: probably_damaging - score 0.999	add to survival plot
76c91101-f84c-515c-b894-2277881823bc	chr12:g.25245351C>T	Substitution	Missense KRAS G12S	6 / 794,0.76%	47 / 15.076	VEP: MODERATE, SIFT: deleterious - score 0.03, PolyPhen: possibly_damaging - score 0.582	add to survival plot
a8622625-e4c4-58d6-be87-0a92db7c7a1e	chr7:g.55174774delAATTAAGA…	Deletion	Protein Altering EGFR E746_S752...	6 / 794,0.76%	6 / 15.076	VEP: MODERATE	add to survival plot
b60714aa-b85d-5731-b9c7-06d551c49e32	chr7:g.140781602C>A	Substitution	Missense BRAF G509V	6 / 794,0.76%	6 / 15.076	VEP: MODERATE, SIFT: deleterious - score 0, PolyPhen: probably_damaging - score 0.999	add to survival plot
f7ec87f9-b732-5c94-80aa-a38d621d8aed	chr17:g.7673802C>A	Substitution	Missense TP53 R273L	6 / 794,0.76%	31 / 15.076	VEP: MODERATE, SIFT: deleterious - score 0, PolyPhen: probably_damaging - score 0.994	add to survival plot
0bc35e9d-9314-5bfd-ad08-af8d61209bea	chr7:g.55174773delGAATTAAG…	Deletion	Inframe Deletion EGFR L747_E749del	5 / 794,0.63%	5 / 15.076	VEP: MODERATE	add to survival plot
0d797d3c-ca18-59f6-80a0-e5572d70ec3c	chr17:g.7674894G>A	Substitution	Stop Gained TP53 R213*	5 / 794,0.63%	89 / 15.076	VEP: HIGH	add to survival plot
2d301ae1-73b9-56b6-b6a2-cd2db7d472a2	chr17:g.7673728C>A	Substitution	Stop Gained TP53 E298*	5 / 794,0.63%	23 / 15.076	VEP: HIGH	add to survival plot
31df4cc1-3220-53c9-97a0-e926dd3f982b	chr3:g.179218294G>A	Substitution	Missense PIK3CA E542K	5 / 794,0.63%	196 / 15.076	VEP: MODERATE, SIFT: deleterious - score 0.04, PolyPhen: probably_damaging - score 0.912	add to survival plot
38f3a6d7-7852-5775-858a-2fcaabac54d6	chr17:g.7675139C>A	Substitution	Missense TP53 R158L	5 / 794,0.63%	25 / 15.076	VEP: MODERATE, SIFT: deleterious - score 0, PolyPhen: probably_damaging - score 0.988	add to survival plot
74ddf418-fb31-5552-ad61-7745cb5b0868	chr17:g.7674216C>A	Substitution	Missense TP53 R249S	5 / 794,0.63%	30 / 15.076	VEP: MODERATE, SIFT: deleterious - score 0, PolyPhen: probably_damaging - score 0.989	add to survival plot
89aee9f6-9564-5c6b-bf5b-762620c36719	chr17:g.7674872T>C	Substitution	Missense TP53 Y220C	5 / 794,0.63%	82 / 15.076	VEP: MODERATE, SIFT: deleterious - score 0, PolyPhen: probably_damaging - score 0.998	add to survival plot
9174f80e-3deb-5b8b-82d6-eda5ce188436	chr7:g.140781611C>A	Substitution	Missense BRAF G506V	5 / 794,0.63%	8 / 15.076	VEP: MODERATE, SIFT: deleterious - score 0, PolyPhen: probably_damaging - score 0.983	add to survival plot
9c05fcc6-679d-560e-ba38-3ad9b8f6736f	chr17:g.7673579G>A	Substitution	Stop Gained TP53 Q317*	5 / 794,0.63%	18 / 15.076	VEP: HIGH	add to survival plot
c895c4ad-d72b-5b99-9d61-d2707078c126	chr19:g.1207066delG	Deletion	Frameshift STK11 D53Tfs*11	5 / 794,0.63%	6 / 15.076	VEP: HIGH	add to survival plot
f0202cb9-a69e-5904-8b03-744e9c6e345b	chr17:g.39724728_39724729insGCATACGT…	Insertion	Inframe Insertion ERBB2 Y772_A775du	5 / 794,0.63%	6 / 15.076	VEP: MODERATE	add to survival plot
088991ed-dc0e-5fcb-b50e-553fbcb643cf	chr7:g.55174015G>C	Substitution	Missense EGFR G719A	4 / 794,0.50%	4 / 15.076	VEP: MODERATE, SIFT: deleterious - score 0, PolyPhen: probably_damaging - score 0.997	add to survival plot
25725628-8341-5595-8461-6846cf329cd7	chr17:g.7670699C>A	Substitution	Missense TP53 R337L	4 / 794,0.50%	15 / 15.076	VEP: MODERATE, SIFT: deleterious - score 0.01, PolyPhen: probably_damaging - score 0.946	add to survival plot
2755ece2-9cf1-5de7-b852-3535e66280e9	chr7:g.55191831T>A	Substitution	Missense EGFR L861Q	4 / 794,0.50%	7 / 15.076	VEP: MODERATE, SIFT: deleterious - score 0, PolyPhen: probably_damaging - score 0.983	add to survival plot
2cedb9f8-f18f-5597-a0ca-07f200450dd0	chr7:g.140753393T>C	Substitution	Missense BRAF N621S	4 / 794,0.50%	9 / 15.076	VEP: MODERATE, SIFT: deleterious - score 0.04, PolyPhen: benign - score 0.003	add to survival plot
30dd62b8-b7d6-55c5-9e8e-b4ac8572f725	chr17:g.7676040C>A	Substitution	Missense TP53 R110L	4 / 794,0.50%	16 / 15.076	VEP: MODERATE, SIFT: deleterious - score 0.04, PolyPhen: benign - score 0.343	add to survival plot
64f8a1f5-2453-531b-a51e-72d15eb7d000	chr20:g.58909366G>A	Substitution	Missense GNAS R844H	4 / 794,0.50%	17 / 15.076	VEP: MODERATE, SIFT: deleterious - score 0.01, PolyPhen: probably_damaging - score 1	add to survival plot
8d4f9b0c-472a-5e09-9968-e88297eb6cc7	chr17:g.7675151C>A	Substitution	Missense TP53 G154V	4 / 794,0.50%	9 / 15.076	VEP: MODERATE, SIFT: deleterious - score 0, PolyPhen: probably_damaging - score 0.99	add to survival plot
90e884a9-869b-53e4-8b74-4bc18ea08887	chr17:g.7675145C>G	Substitution	Missense TP53 R156P	4 / 794,0.50%	9 / 15.076	VEP: MODERATE, SIFT: tolerated - score 0.22, PolyPhen: possibly_damaging - score 0.876	add to survival plot
92b75ae1-8d4d-52c2-8658-9c981eef0e57	chr3:g.179234297A>G	Substitution	Missense PIK3CA H1047R	4 / 794,0.50%	288 / 15.076	VEP: MODERATE, SIFT: tolerated - score 0.11, PolyPhen: benign - score 0.085	add to survival plot
992657ea-ca81-5d5e-b03c-852e36e8bb4a	chr7:g.55174014G>T	Substitution	Missense EGFR G719C	4 / 794,0.50%	4 / 15.076	VEP: MODERATE, SIFT: deleterious - score 0, PolyPhen: probably_damaging - score 1	add to survival plot
b1d11f8f-6013-5011-aaae-c0dff5d59211	chr17:g.7675137C>G	Substitution	Missense TP53 A159P	4 / 794,0.50%	14 / 15.076	VEP: MODERATE, SIFT: deleterious - score 0, PolyPhen: probably_damaging - score 0.995	add to survival plot
b7718875-a1ea-5544-8d75-6a84679e3af9	chr17:g.7673781C>A	Substitution	Missense TP53 R280I	4 / 794,0.50%	9 / 15.076	VEP: MODERATE, SIFT: deleterious - score 0, PolyPhen: probably_damaging - score 0.987	add to survival plot
b78e1a15-87de-5ec6-8a6d-08d2559698d8	chr17:g.31214524A>G	Substitution	Missense NF1 Y489C	4 / 794,0.50%	6 / 15.076	VEP: MODERATE, SIFT: tolerated - score 0.08, PolyPhen: benign - score 0.007	add to survival plot
bf84d076-785a-5e28-8f8f-9bbb0aa4b1ff	chr17:g.7673537G>A	Substitution	Stop Gained TP53 Q331*	4 / 794,0.50%	27 / 15.076	VEP: HIGH	add to survival plot
fc4a7481-c646-57bc-b628-609cf0b30b0e	chr17:g.7674230C>A	Substitution	Missense TP53 G245C	4 / 794,0.50%	13 / 15.076	VEP: MODERATE, SIFT: deleterious - score 0, PolyPhen: probably_damaging - score 1	add to survival plot
02c2f13a-61dc-5b81-a7fe-c37139da37e0	chr17:g.7675232G>A	Substitution	Missense TP53 S127F	3 / 794,0.38%	15 / 15.076	VEP: MODERATE, SIFT: deleterious - score 0, PolyPhen: probably_damaging - score 1	add to survival plot
04a2dce7-9689-5160-9645-bf97dcebf368	chr17:g.7673796C>A	Substitution	Missense TP53 C275F	3 / 794,0.38%	9 / 15.076	VEP: MODERATE, SIFT: deleterious - score 0, PolyPhen: probably_damaging - score 0.99	add to survival plot
07be895a-4aa2-53ca-a67c-8cffafd4051d	chr17:g.7670682C>A	Substitution	Stop Gained TP53 E343*	3 / 794,0.38%	7 / 15.076	VEP: HIGH	add to survival plot
0b2247b3-05ff-53aa-bc36-ff9bde4425e2	chr19:g.10489741C>A	Substitution	Missense KEAP1 G480W	3 / 794,0.38%	4 / 15.076	VEP: MODERATE, SIFT: deleterious - score 0, PolyPhen: probably_damaging - score 1	add to survival plot
15694d60-96ab-5084-8ec4-c73119ece8c0	chr17:g.7674230C>T	Substitution	Missense TP53 G245S	3 / 794,0.38%	56 / 15.076	VEP: MODERATE, SIFT: deleterious - score 0, PolyPhen: probably_damaging - score 0.998	add to survival plot
211443d9-bb6a-5f21-8588-b9deae468892	chr17:g.7674252C>T	Substitution	Missense TP53 M237I	3 / 794,0.38%	17 / 15.076	VEP: MODERATE, SIFT: deleterious - score 0, PolyPhen: probably_damaging - score 0.999	add to survival plot
217ee57b-189d-5986-8816-3a5af3de8f33	chr19:g.1218501A>G	Substitution	Splice Donor STK11 X125_splice	3 / 794,0.38%	3 / 15.076	VEP: HIGH	add to survival plot
288a8e0d-059a-520c-b457-fc8464e68154	chr17:g.7674945G>A	Substitution	Stop Gained TP53 R196*	3 / 794,0.38%	66 / 15.076	VEP: HIGH	add to survival plot
2deca602-bfc7-54f8-893d-907e24c2ab34	chr17:g.7675095C>A	Substitution	Missense TP53 V173L	3 / 794,0.38%	13 / 15.076	VEP: MODERATE, SIFT: deleterious - score 0, PolyPhen: possibly_damaging - score 0.827	add to survival plot
303db125-ce0b-5298-8ef5-7f7d7220bb06	chr7:g.140781603C>A	Substitution	Stop Gained BRAF G509*	3 / 794,0.38%	3 / 15.076	VEP: HIGH	add to survival plot
3a10c8cc-f9c3-5682-b834-30485bbce3c1	chr17:g.7674957G>A	Substitution	Stop Gained TP53 Q192*	3 / 794,0.38%	29 / 15.076	VEP: HIGH	add to survival plot
40f6951d-5205-5c75-b0a5-eecac3617115	chr17:g.7674953T>C	Substitution	Missense TP53 H193R	3 / 794,0.38%	38 / 15.076	VEP: MODERATE, SIFT: deleterious - score 0, PolyPhen: probably_damaging - score 1	add to survival plot
53af5705-a17b-555a-92e9-880ce5c14ca0	chr17:g.7673776G>A	Substitution	Missense TP53 R282W	3 / 794,0.38%	109 / 15.076	VEP: MODERATE, SIFT: deleterious - score 0, PolyPhen: probably_damaging - score 1	add to survival plot
5929923a-52f0-532c-af22-0fdd00aeb88e	chr17:g.7670708C>A	Substitution	Missense TP53 G334V	3 / 794,0.38%	6 / 15.076	VEP: MODERATE, SIFT: deleterious - score 0, PolyPhen: probably_damaging - score 0.992	add to survival plot
5a989f33-421a-5f1c-b398-7afbf267323b	chr17:g.7675080delG	Deletion	Frameshift TP53 H178Tfs*69	3 / 794,0.38%	8 / 15.076	VEP: HIGH	add to survival plot
5ac28550-7127-5372-a1e9-6d6275e628d4	chr17:g.7674220C>A	Substitution	Missense TP53 R248L	3 / 794,0.38%	11 / 15.076	VEP: MODERATE, SIFT: deleterious - score 0, PolyPhen: probably_damaging - score 0.995	add to survival plot
62f8b035-bafa-5a24-9bfd-865e7c052b85	chr9:g.21971109C>T	Substitution	Missense CDKN2A D84N	3 / 794,0.38%	11 / 15.076	VEP: MODERATE, SIFT: deleterious - score 0, PolyPhen: probably_damaging - score 1	add to survival plot
6d6b6289-f032-5ec0-b1ca-6e67f8f1f104	chr17:g.7675182G>A	Substitution	Stop Gained TP53 Q144*	3 / 794,0.38%	11 / 15.076	VEP: HIGH	add to survival plot
7fdbe227-63cb-50aa-afdf-a1765600a322	chr7:g.140781602C>G	Substitution	Missense BRAF G509A	3 / 794,0.38%	14 / 15.076	VEP: MODERATE, SIFT: deleterious - score 0.01, PolyPhen: probably_damaging - score 0.909	add to survival plot
8050b4a2-fe6d-5f35-b745-2e3c0e412d5b	chr3:g.41224646C>T	Substitution	Missense CTNNB1 S45F	3 / 794,0.38%	18 / 15.076	VEP: MODERATE, SIFT: deleterious - score 0, PolyPhen: probably_damaging - score 0.994	add to survival plot
8e30604f-3a45-5533-bdd7-0a4353700318	chr17:g.7675088C>T	Substitution	Missense TP53 R175H	3 / 794,0.38%	199 / 15.076	VEP: MODERATE, SIFT: tolerated - score 0.11, PolyPhen: benign - score 0.319	add to survival plot
91fdff7a-8494-53b3-8fac-2d88aa3b6b7c	chrX:g.47180505A>T	Substitution	Missense RBM10 Q481L	3 / 794,0.38%	3 / 15.076	VEP: MODERATE, SIFT: deleterious - score 0, PolyPhen: probably_damaging - score 0.994	add to survival plot
9773be26-72f9-514b-8ff1-c01dbf96904e	chr17:g.7670694C>A	Substitution	Stop Gained TP53 E339*	3 / 794,0.38%	10 / 15.076	VEP: HIGH	add to survival plot
9894f56d-0fd3-50c3-9a29-04ac457b29f2	chr17:g.7674238C>A	Substitution	Missense TP53 C242F	3 / 794,0.38%	13 / 15.076	VEP: MODERATE, SIFT: deleterious - score 0, PolyPhen: probably_damaging - score 1	add to survival plot
a2870968-f168-5824-948a-45430ff95852	chr3:g.192798931G>A	Substitution	Stop Gained MB21D2 Q311*	3 / 794,0.38%	8 / 15.076	VEP: HIGH	add to survival plot
a6691e51-aa8f-51fc-af6c-9ca1cdea4d1d	chr17:g.7675157G>A	Substitution	Missense TP53 P152L	3 / 794,0.38%	12 / 15.076	VEP: MODERATE, SIFT: tolerated - score 0.08, PolyPhen: possibly_damaging - score 0.886	add to survival plot
ab29837b-af16-535b-9e13-dbfc769a5b2e	chr7:g.140753349C>G	Substitution	Missense BRAF G636R	3 / 794,0.38%	5 / 15.076	VEP: MODERATE, SIFT: deleterious - score 0.01, PolyPhen: benign - score 0.427	add to survival plot
ab96fb54-dfc0-58d9-b727-20a857d58dad	chr14:g.104780214C>T	Substitution	Missense AKT1 E17K	3 / 794,0.38%	69 / 15.076	VEP: MODERATE, SIFT: deleterious - score 0, PolyPhen: probably_damaging - score 1	add to survival plot
b135355f-fa84-5f45-862d-9c249f5f8756	chr9:g.21971112G>A	Substitution	Missense CDKN2A H83Y	3 / 794,0.38%	18 / 15.076	VEP: MODERATE, SIFT: deleterious - score 0, PolyPhen: probably_damaging - score 1	add to survival plot
b79d4d3b-1d38-55e1-afcc-38a7a976f44d	chr15:g.87933079C>A	Substitution	Missense NTRK3 G608C	3 / 794,0.38%	3 / 15.076	VEP: MODERATE, SIFT: deleterious - score 0.01, PolyPhen: probably_damaging - score 0.953	add to survival plot
b8618c52-71d9-5262-9c3f-251e47a4d5c9	chr17:g.7674939C>A	Substitution	Stop Gained TP53 E198*	3 / 794,0.38%	13 / 15.076	VEP: HIGH	add to survival plot
be3bccdc-3116-5791-b445-dec87f5fc4ff	chrX:g.40062191T>C	Substitution	Missense BCOR N1459S	3 / 794,0.38%	42 / 15.076	VEP: MODERATE, SIFT: deleterious - score 0, PolyPhen: possibly_damaging - score 0.578	add to survival plot
bfdba1f1-ec06-5e35-bfb5-0daced2c3b8c	chr17:g.7674917T>C	Substitution	Missense TP53 Y205C	3 / 794,0.38%	21 / 15.076	VEP: MODERATE, SIFT: deleterious - score 0, PolyPhen: probably_damaging - score 0.998	add to survival plot
c3c333c7-c95f-560f-aa6f-fa114460b439	chr7:g.55142382T>G	Substitution	Missense EGFR L62R	3 / 794,0.38%	8 / 15.076	VEP: MODERATE, SIFT: deleterious - score 0.01, PolyPhen: possibly_damaging - score 0.488	add to survival plot
d5499a0d-a2b5-568c-970f-28ae85752a5b	chr17:g.7673790C>A	Substitution	Missense TP53 C277F	3 / 794,0.38%	6 / 15.076	VEP: MODERATE, SIFT: deleterious - score 0, PolyPhen: probably_damaging - score 0.986	add to survival plot
dfd779b1-c254-5c93-8095-3cc30c43c2e2	chrX:g.37010869G>T	Substitution	Missense FAM47C G820V	3 / 794,0.38%	3 / 15.076	VEP: MODERATE, SIFT: tolerated - score 0.28, PolyPhen: probably_damaging - score 0.939	add to survival plot
fd8e5bbd-5282-5fdd-bd0d-bd33e9fb4a39	chr1:g.114713908T>A	Substitution	Missense NRAS Q61L	3 / 794,0.38%	35 / 15.076	VEP: MODERATE, SIFT: deleterious - score 0, PolyPhen: possibly_damaging - score 0.861	add to survival plot
000f9d12-78e1-5a30-ae27-89f18c072357	chr2:g.188994785C>A	Substitution	Missense COL3A1 P470H	2 / 794,0.25%	2 / 15.076	VEP: MODERATE, SIFT: deleterious - score 0.02, PolyPhen: possibly_damaging - score 0.459	add to survival plot
0851e28d-e3e5-5e59-a224-a00bfafdce4b	chr17:g.7676096C>T	Substitution	Stop Gained TP53 W91*	2 / 794,0.25%	11 / 15.076	VEP: HIGH	add to survival plot
0ee4dc1b-41d9-5b33-a790-c5d16a3abacd	chr15:g.90629354C>T	Substitution	Missense CRTC3 S363L	2 / 794,0.25%	2 / 15.076	VEP: MODERATE, SIFT: deleterious - score 0.01, PolyPhen: benign - score 0.181	add to survival plot
0fc0bdcb-f44b-5390-a093-be23bf7b6091	chr4:g.54285918G>T	Substitution	Synonymous PDGFRA L839=	2 / 794,0.25%	2 / 15.076	VEP: LOW	add to survival plot
112432e5-fce9-5849-a237-565581cc4285	chr1:g.186347339G>C	Substitution	Missense TPR Q966E	2 / 794,0.25%	2 / 15.076	VEP: MODERATE, SIFT: deleterious - score 0.02, PolyPhen: benign - score 0	add to survival plot
11c2b85d-ecd5-53d9-8d4c-12b06a449a0f	chr17:g.7674256T>C	Substitution	Missense TP53 Y236C	2 / 794,0.25%	18 / 15.076	VEP: MODERATE, SIFT: deleterious - score 0, PolyPhen: probably_damaging - score 0.99	add to survival plot
13c93dc5-b2ae-53b9-a237-0133cbdc9f23	chr8:g.86866583A>T	Substitution	Missense CNBD1 N30Y	2 / 794,0.25%	2 / 15.076	VEP: MODERATE, SIFT: deleterious - score 0.04, PolyPhen: benign - score 0.135	add to survival plot
13f68866-c17b-555d-9d47-c29d03da17ce	chr15:g.44711547A>G	Substitution	Start Lost B2M M1?	2 / 794,0.25%	7 / 15.076	VEP: HIGH, SIFT: deleterious - score 0, PolyPhen: benign - score 0.192	add to survival plot
16410154-cb92-5e1e-98b9-fc831044a20c	chr2:g.197401989C>T	Substitution	Missense SF3B1 G740E	2 / 794,0.25%	6 / 15.076	VEP: MODERATE, SIFT: deleterious - score 0.01, PolyPhen: possibly_damaging - score 0.686	add to survival plot
17bbcfb3-93b5-56bb-b77d-62141d60820a	chr7:g.2944412C>T	Substitution	Missense CARD11 E162K	2 / 794,0.25%	2 / 15.076	VEP: MODERATE, SIFT: deleterious - score 0, PolyPhen: possibly_damaging - score 0.667	add to survival plot
18d469a0-d79e-5b46-95a9-71b64ada5daf	chr19:g.1221314_1221315insC	Insertion	Frameshift STK11 L282Afs*3	2 / 794,0.25%	5 / 15.076	VEP: HIGH	add to survival plot
1a9628ed-de34-5eab-a16f-9b0edb9964a4	chr2:g.203726684C>T	Substitution	Missense CD28 A49V	2 / 794,0.25%	2 / 15.076	VEP: MODERATE, SIFT: tolerated - score 0.25, PolyPhen: benign - score 0.074	add to survival plot
1c5d8a62-ca79-549b-9cee-0547ad91aaad	chr19:g.1220707G>T	Substitution	Missense STK11 G242W	2 / 794,0.25%	2 / 15.076	VEP: MODERATE, SIFT: deleterious - score 0, PolyPhen: probably_damaging - score 1	add to survival plot
1e6b84df-b806-57bf-8565-66d6d9f1a040	chr19:g.1207079G>T	Substitution	Missense STK11 G56W	2 / 794,0.25%	2 / 15.076	VEP: MODERATE, SIFT: deleterious - score 0, PolyPhen: probably_damaging - score 1	add to survival plot
1ea6297a-33d7-5150-ac62-3a74c89227fe	chr19:g.10491653C>A	Substitution	Missense KEAP1 G417W	2 / 794,0.25%	2 / 15.076	VEP: MODERATE, SIFT: deleterious - score 0, PolyPhen: probably_damaging - score 1	add to survival plot
1ffb64dc-6b6a-5ec0-b6bc-6e7dc4ea031a	chr17:g.7673767C>T	Substitution	Missense TP53 E285K	2 / 794,0.25%	25 / 15.076	VEP: MODERATE, SIFT: deleterious - score 0, PolyPhen: probably_damaging - score 0.983	add to survival plot
